firstName,lastName,fullName,email
TONY,STARK,TONY STARK,tony.stark@abc.com
CHARLES,HOWE,CHARLES HOWE,charles.howe@abc.com
PETER,PARKER,PETER PARKER,peter.parker@abc.com
